guid,title,label
ynat-v1_train_20804,군 복무 후 용병급 활약 두산 정수빈 결승타까지,5
ynat-v1_train_40850,하나금융투자 IT서비스 국제인증 획득,0
ynat-v1_train_15259,방송대 청각장애학생 위한 매체강의 자막 서비스 제공,2
ynat-v1_train_37602,니카라과 망명 중인 엘살바도르 전 대통령에 시민권,4
ynat-v1_train_23775,신간 신우인 목사의 이스라엘 왕 이야기,3
ynat-v1_train_33074,연구비 부정 사용 의혹 서은경 창의재단 이사장 사의종합,2
ynat-v1_train_21500,챔프전까지 1승 DB 이상범 감독 수비의 투혼이 열쇠,5
ynat-v1_train_37664,이총리 가해자일 수 있단 생각으로 미세먼지 대책 동참했으면,6
ynat-v1_train_19240,카카오게임즈 첫 MMORPG 테라 클래식 내달 발매,0
ynat-v1_train_15613,선택 4.13 고려인 동포들도 국민으로서 한 표,6
ynat-v1_train_09749,안종범 정책조정수석 지난 주말 조용히 딸 혼사 치러종합,6
ynat-v1_train_43204,LG V40 씽큐 핵심 기능은 매직포토,0
ynat-v1_train_10038,카드수수료율 차별에 대한 질의서,1
ynat-v1_train_27226,장수 아이스크림 아맛나 콘 신제품으로 출시,1
ynat-v1_train_41788,중기청 전통시장 지원에 3천500억원 투입,1
ynat-v1_train_28526,이란 외교장관 중동 일부 지도자들이 트럼프이란 갈등 부추겨,4
ynat-v1_train_33818,북한 한일 위안부 합의 미국이 막후조종 주장,6
ynat-v1_train_22681,김태년 정의당도 시대 뒤떨어진 규제혁신에 찬성할 것,6
ynat-v1_train_43255,의료정보시스템 업체 이지케어텍 이달말 코스닥 상장,1
ynat-v1_train_32891,감옥에 갇힌 트럼프와 네타냐후,4
ynat-v1_train_36135,독일서 전기스쿠터 차도 허용 인도 금지,4
ynat-v1_train_27034,게시판 KT 대한민국 커뮤니케이션 대상 3개 부문 수상,2
ynat-v1_train_14475,황총리 국민이 체감하는 금융개혁 속도감 있게 해야,6
ynat-v1_train_14649,첫 3연승한 LG 현주엽 감독 현재 전력 어느 팀에도 ...,5
ynat-v1_train_10842,벤투호 상승세 한국 축구 FIFA 랭킹 53위로 올해...,5
ynat-v1_train_42520,미리 내렸던 국고채 금리 한은 금리 동결에 상승 전환종합,1
ynat-v1_train_16258,택시단체 광화문 화재 택시기사 카풀반대해 분신,2
ynat-v1_train_03704,신간 버려서 얻은 단 하나의 자유,3
ynat-v1_train_24497,경찰과 대치하는 시민단체,2
ynat-v1_train_07684,듀랜트 26점 골든스테이트 밀워키 꺾고 선두 고수종합,5
ynat-v1_train_11180,팀 성적 밀려 신인왕 놓쳤던 최준용 그래도 팀 성적 중요,5
ynat-v1_train_29319,산업위 성윤모 산업부장관 후보자 청문보고서 채택,6
ynat-v1_train_42707,세계 최초 5G 체험버스 서울 도심 달린다,0
ynat-v1_train_07419,MLB 유튜브에 후반기 13경기 생중계 콘텐츠 독점 제공,4
ynat-v1_train_02000,거래소 고속도로 주유소 석유시장 참여 MOU,2
ynat-v1_train_23424,이란 호르무즈 해협서 경유 밀수 선박 억류,4
ynat-v1_train_01906,입장 발표하는 안철수,6
ynat-v1_train_06365,박지현 여자농구 아시아 U18 대회 주목할 선수에 선정돼,5
ynat-v1_train_07617,만화가협회 오늘의 우리만화 5편 선정,3
ynat-v1_train_04801,문화소식 국립중앙박물관 에트루리아전 무료 관람,3
ynat-v1_train_02835,폐쇄된 공간에서 펼쳐지는 작가와 독자의 두뇌게임,3
ynat-v1_train_16062,폭우와 함께 마무리되는 아시안게임,5
ynat-v1_train_22417,기아차 명품 가죽소재로 고급스러워진 스팅어 신모델 출시,1
ynat-v1_train_17524,심재철 대학생 학자금 대출이자 경감 입법추진,2
ynat-v1_train_01656,유니콘기업 육성 창업지원 인프라 선행돼야,2
ynat-v1_train_18403,드론 활용 해빙기 안전점검,0
ynat-v1_train_44481,손흥민 태클을 가라데킥으로 표현한 해설자에 비판여론,5
ynat-v1_train_41518,프로축구2부 광주 이랜드와 공방 끝에 22 무승부,5
ynat-v1_train_31643,2018 KBO 드림세이브 첫 번째 후원목표 50세이브 달성,5
ynat-v1_train_18289,설치미술가 양혜규 10월 재개관 뉴욕 현대미술관 전시,3
ynat-v1_train_17729,문 대통령 교육부 업무보고에 앞서,6
ynat-v1_train_18713,KBO 팬 성향 설문조사 분석 업체 선정 입찰,5
ynat-v1_train_35279,NBA 필라델피아 엠비드 버틀러 영입 이후 기용 방식에 실망,4
ynat-v1_train_35038,거대 블랙홀 광속 가까운 속도로 가스 분출,0
ynat-v1_train_06811,인사말하는 남궁훈 카카오 게임사업총괄 부사장,0
ynat-v1_train_39765,구글 AI로 유방암 진단할 수 있다,0
ynat-v1_train_22261,이대호 연타석포 롯데 SK 7연승 도전 저지,5
ynat-v1_train_39191,갤럭시 노트 10 5G 체험해 보세요,0
ynat-v1_train_41461,트럼프 히스패닉 유권자도 내 이민정책 지지해,4
ynat-v1_train_34619,배구협회 체육회에 홍콩 국적 알렉스 우수인재 특별귀화 신청,5
ynat-v1_train_20591,신년사 정지선 현대백화점그룹 회장,1
ynat-v1_train_06967,종이책 구입자에게 책이 보이는 오디오북 체험 제공,3
ynat-v1_train_38536,김판곤 감독선임위원장 신태용호 도울 분석코치부터 영입,5
ynat-v1_train_08406,장미의 이름 새 옷 입히니 젊은 독자 호응,3
ynat-v1_train_07279,일본 스마트폰 시장은 애플 천하,4
ynat-v1_train_01787,트럼프 북미정상회담 예정대로 싱가포르에서 열릴 수도,4
ynat-v1_train_31219,부동자금 MMF 순자산 넉달 만에 120조원대 재진입,1
ynat-v1_train_38731,민주콩고 동부서 무장괴한 공격에 민간인 8명 사망종합,4
ynat-v1_train_18413,한국은행 금융안정보고서 설명회,1
ynat-v1_train_39417,게시판 아리랑TV 360도 영상콘텐츠 액션360 출시,0
ynat-v1_train_14340,인터넷진흥원 MS 윈도 원격관리기능 취약점 포착,0
ynat-v1_train_08618,국내 주식형 펀드 나흘 만에 자금 순유출,1
ynat-v1_train_12847,그래픽 MLB 올스타전 내셔널리그 출전 선수,5
ynat-v1_train_27063,리비아서 피랍 이탈리아 인질 극적 탈출로 목숨 건져,4
ynat-v1_train_13885,공군 탄약고 인근에서 화재,2
ynat-v1_train_23083,카드뉴스 가상의 유튜버 브이튜버Vtuber를 아십니까,0
ynat-v1_train_25156,사우디 국영방송 아람코 주식 12월11일 사우디서 거래 개시,4
ynat-v1_train_15316,아시안게임 2연패 노리던 한국 남자농구 이란에 막혀 ...,5
ynat-v1_train_39862,한국타이어 사내 제안 제도 2.0 버전 론칭,2
ynat-v1_train_07057,답변하는 이낙연 국무총리 후보자,6
ynat-v1_train_36040,영상 한국 실낱같은 월드컵 16강 가능성,5
ynat-v1_train_24905,게시판 NH투자증권 23일 100세시대 아카데미 1월 강좌,1
ynat-v1_train_16652,여행소식 루프트한자 A380으로 인천프랑크푸르트 매일 운항,3
ynat-v1_train_02530,대림산업 2조2천억원 규모 이란 정유시설 공사계약 해지,1
ynat-v1_train_12167,프로농구 현대모비스 인삼공사에 21점 차 대승종합,5
ynat-v1_train_43503,언론노조 정책토론회,2
ynat-v1_train_19718,구글 어시스턴트 첫 이중언어 구사 음성비서,0
ynat-v1_train_10334,국회에서 열린 정개특위 간담회,6
ynat-v1_train_34044,흙수저 반란 일으킨 레스터시티 한 시즌 만에 강등 위기,5
ynat-v1_train_43460,거래소 한올바이오파마에 시황변동 조회공시 요구,1
ynat-v1_train_00401,홍남기 부총리 출입기자단과 간담회,6
ynat-v1_train_23507,특징주 SK하이닉스 1분기 호실적 발표 후 하락세,1
ynat-v1_train_43359,2억 다운로드 모바일게임 음양사 8월 국내 서비스,0
ynat-v1_train_29685,뉴욕검찰 법원에 트럼프재단 유용금 열흘 내 반환 요청,4
ynat-v1_train_18079,소리로 보는 오페라 라 트라비아타 13일 부산 공연,3
ynat-v1_train_33680,MBC 전문가들이 앵커로 나서는 뉴스콘서트 방송,2
ynat-v1_train_35112,일본 중의원 의장과 악수하는 이낙연 총리,6
ynat-v1_train_18791,부산소식 부산관광공사 아르피나 숙박서핑 패키지,3
ynat-v1_train_29430,이청용 11분 크리스털 팰리스 샬케와 11 무승부,5
ynat-v1_train_45312,예루살렘 팔레스타인 주거지 철거 이스라엘에 비난 쇄도,4
ynat-v1_train_16311,지상파 중간광고 도입 움직임에 신문협회 특혜 완결판,2
ynat-v1_train_17862,게시판 여성과기인지원센터 잡미팅 데이 개최,2
ynat-v1_train_00492,대구 예비후보 의정보고회 금지 가처분 신청,6
ynat-v1_train_42829,신간 마르크스 캐피탈 리딩 인트로,3
ynat-v1_train_45276,풀무원 자사주 매각 추진 보도 사실 무근,1
ynat-v1_train_44029,평양정상회담 평양 도착한 문 대통령,6
ynat-v1_train_13726,멕시코 정부 구스만 탈옥후 작년말 미국 방문은 사실무근,4
ynat-v1_train_09990,러이스라엘 시리아내 외국군 철수 논의 실무그룹 구성 합의,4
ynat-v1_train_38018,작업의 배경에 주목한 발터 벤야민 평전,3
ynat-v1_train_26251,한화투자증권에 불성실공시법인 지정예고,1
ynat-v1_train_07048,울산대 세계대학 논문 평가서 국내 5위 진입,2
ynat-v1_train_22918,셀트리온 내달 29일 코스피 이전 상장 관련 주주총회,1
ynat-v1_train_30431,GM 세계 최초 완전 자율주행차 대량생산 준비 완료,0
ynat-v1_train_05904,트럼프 이스라엘 총선서 또 네타냐후 구하기 나서나,4
ynat-v1_train_16103,평양정상회담 함께 손 흔드는 남북정상,6
ynat-v1_train_42636,HMC증권 LG이노텍 어닝쇼크 주가 영향 미미할 듯,1
ynat-v1_train_20580,터키 이어 그리스도 리비아 사태 해소에 발언권 주장,4
ynat-v1_train_41810,이란 UAE 이란과 관계 개선 위해 일부 조처,4
ynat-v1_train_43692,원달러 환율 8.5원 오른 1155.4원 마감,1
ynat-v1_train_18371,MLB서 40년 만에 사이영상 1 2위 투수끼리 개막전 빅뱅,5
ynat-v1_train_32512,눈속임 할인 사라질까 이통 3사 결합 상품 개편,1
ynat-v1_train_05445,슈퍼스타 에드 시런 내년 4월 내한공연,3
ynat-v1_train_41142,신간 철학은 어떻게 삶의 무기가 되는가,3
ynat-v1_train_40059,우리카드 복덩이 노재욱 저 왔다고 잘하는 건 아니죠,5
ynat-v1_train_36892,안랩 이메일 랜섬웨어 보안 서비스 출시,0
ynat-v1_train_20480,러 신문 김정은푸틴 25일 극동연방대서 정상회담종합2보,6
ynat-v1_train_05486,인스타그램 계정 해킹당해도 재빨리 복구할 수 있다,0
ynat-v1_train_42233,베스트셀러 모든 순간이 너였다 4주 연속 1위,3
ynat-v1_train_40676,KBS 고대영 사장 해임제청안 의결,2
ynat-v1_train_42795,민주당 북미정상회담 TV시청 공개 취소,6
ynat-v1_train_34553,LG전자 V30S 씽큐 국내 출시,0
ynat-v1_train_30173,특징주 인사 잡음 신한지주 52주 신저가,1
ynat-v1_train_35808,암세포 유전체 분석 정확도 58% 더 높이는 검사법 개발,0
ynat-v1_train_05569,특검보고서 공개 갈등 트럼프내들러 80년대부터 오랜 악연,4
ynat-v1_train_43953,LGU 다음달 여의도 불꽃축제 5G 기반 3D VR 생중계,0
ynat-v1_train_23452,아시안게임 박항서호 응원하자 베트남팬 열기에 자카르...,5
ynat-v1_train_13502,미국관광청 한국인 공략 키워드로 탈출 제시,4
ynat-v1_train_24891,시리아 북서부서 정부군반군 충돌로 최소 35명 사망,4
ynat-v1_train_01967,발레리나 김주원 세종문화회관서 탱고발레 공연,3
ynat-v1_train_14729,벤투호의 보물 황인범 내년엔 더 성장할래요,5
ynat-v1_train_08735,관리의 힘 SK 김광현 5이닝 무실점 컨디션 괜찮아...,5
ynat-v1_train_20153,추신수 9회 대타로 나와 삼진,5
ynat-v1_train_02579,LG G5 사용자 안드로이드 누가 미리 맛본다,0
ynat-v1_train_24385,에티오피아서 축하 공연하던 가수 유탄 맞아 숨져,4
ynat-v1_train_42610,호날두 멀티골 R.마드리드 10명 싸운 뮌헨 21 격파,5
ynat-v1_train_11847,KT 기가 와이파이 홈 가입자 100만 명 돌파,0
ynat-v1_train_20302,삼부토건 대표이사 직무집행정지 가처분 피소,2
ynat-v1_train_26442,민주 혁신성장특위 위원장에 추미애,6
ynat-v1_train_17163,MBC PD수첩 검사와 금융재벌편 방송금지가처분 기각종합,2
ynat-v1_train_33949,래프팅하러가요 관광공사 지역특화 레저관광 10선 선정,3
ynat-v1_train_19347,중국 한반도 문제에서 중국은 변수 될 수 없어,4
ynat-v1_train_36541,아프리카 가나서 광산 폭발사고로 13명 숨져,4
ynat-v1_train_16736,출범 열흘 혁신위 좌초 위기에 바른미래 또다시 내홍 조짐종합,6
ynat-v1_train_29997,LGU 카카오프렌즈 키즈워치 레드닷 어워드 수상,0
ynat-v1_train_19731,여자농구 국민은행 삼성생명 꺾고 선두 추격 박차,5
ynat-v1_train_22295,빵값 시위로 촉발된 바시르 수단 대통령의 몰락,4
ynat-v1_train_02507,거리 예술의 향연 고양 호수예술축제 49만명 다녀가,3
ynat-v1_train_22545,특징주 이녹스첨단소재 2분기 실적 부진에 신저가,1
ynat-v1_train_13080,방통위 장애인용 화면해설방송 재방 비율 축소,2
ynat-v1_train_17890,정보보호 해커톤 대상에 MJ 시큐리티 팀,0
ynat-v1_train_14227,포스코건설 엘시티 더샵 책임준공 약속 반드시 지킬 것,1
ynat-v1_train_12752,성인 10명 중 7명 인공지능 비서가 사생활 침해할 수도,0
ynat-v1_train_42498,MB 침묵 유지 속 측근들 일일이 대응할 계획 없어,6
ynat-v1_train_27914,선두 도로공사 풀세트 접전 끝에 현대건설 제압,5
ynat-v1_train_26778,MBC 아나운서 포함 7명에 해고 등 중징계종합,2
ynat-v1_train_05070,공정위 SK에 1년 내 SK증권 주식 전량 팔아라,1
ynat-v1_train_26082,토지 경계 정리한다 인천 강화군 지적재조사,2
ynat-v1_train_35740,신간 왜 다시 자유인가,3
ynat-v1_train_06722,게시판 한은 초등교사 직무연수 참가자 모집,2
ynat-v1_train_37648,5G 휴대전화는 언제,0
ynat-v1_train_29030,NASA 내년 8월 태양 탐사선 발사,0
ynat-v1_train_02662,KT 할인 혜택 2배 더블할인 멤버십 시즌제 도입,3
ynat-v1_train_08422,대만 총통선거 D1 막판 관전 포인트는 대학생 귀향투표,4
ynat-v1_train_30918,신간 사회주의 체제의 정치경제학,3
ynat-v1_train_36140,한파가 빚은 그림,3
ynat-v1_train_38620,신간 스티븐 호킹,3
ynat-v1_train_34024,문 대통령 신년사 발표,6
ynat-v1_train_44908,김윤 SKT AI센터장 세상 바꿀 AI 기술 만들고 싶다종합,0
ynat-v1_train_27414,일성건설 263억 규모 제주 오피스텔 신축공사 수주,1
ynat-v1_train_40534,박영선 서울시 재활용 쓰레기 대책 마련해야,2
ynat-v1_train_07587,포켓몬 고 국내에서 40만 명 이상 설치,2
ynat-v1_train_18834,새 시즌 앞두고 부친 떠나보낸 맨유 모리뉴 감독,5
ynat-v1_train_41929,본인에게 채찍질한 손흥민 앞으로 PK 안 차겠습니다,5
ynat-v1_train_38911,KIST 실제 반도체 공정 접목해 열전소자 효율 35% 높였다,0
ynat-v1_train_19766,류현진 베이스볼아메리카 선정 2019 MLB 올스타 선발투수,5
ynat-v1_train_15758,홍남기 미래부차관 과기위성 3호 연구용으로 최선 다했다,2
ynat-v1_train_11958,베스트셀러 흔한남매 2권 1위 올라,3
ynat-v1_train_10582,그래픽 태풍 탈림 일본 규슈로 방향 틀 듯,3
ynat-v1_train_11809,르포 1분이 1시간 같아 황태도 소방차도 얼어버린 대관령종합,3
ynat-v1_train_23565,22일부터 저소득층 이통요금 1만1천원 추가감면,2
ynat-v1_train_44846,주말 N 여행 수도권 열대야 사라진 밤 인천서 맥주 축제 즐겨보자,3
ynat-v1_train_32665,이해찬 대표에게 꽃다발 건네는 이인영 원내대표,6
ynat-v1_train_35864,이주의 뉴스키워드 문대통령 강정마을 허그데이,6
ynat-v1_train_00804,박상기 법무부 장관 후보자 인사청문회 13일 실시,6
ynat-v1_train_24529,유비케어 30억원 규모 자사주 취득 신탁계약,1
ynat-v1_train_26674,베네수엘라 과이도 군사봉기 지지 의원 면책특권 박탈 추진,4
ynat-v1_train_07192,KB국민카드 모바일 채팅으로 카드발급 심사하고 한도 증액,1
ynat-v1_train_00903,새누리당 20대 국회 첫 정책워크숍 10일 개최,6
ynat-v1_train_22570,코스닥시장위원장에 길재욱 한양대 교수 내정종합,1
ynat-v1_train_10410,환영사하는 이효성,2
ynat-v1_train_10025,건배하는 김정은시진핑,6
ynat-v1_train_43399,EBS 부사장에 박치형 전 EBS 평생교육본부장,2
ynat-v1_train_45063,이동통신 3사 수장 CES서 새로운 먹거리 찾는다,0
ynat-v1_train_14293,새 일왕 즉위 계기 여성 왕위계승 허용 요구 되살아날 듯,4
ynat-v1_train_01909,난감한 클럽 합동단속 점검팀,2
ynat-v1_train_04834,차세대 통신 5G 전송량 LTE의 5배 속도는 4050배 빨라,0
ynat-v1_train_01917,이주의 뉴스키워드 다스 법인카드 개헌안,2
ynat-v1_train_04361,한국당 국회 정개특위 간사에 장제원 의원 선임,6
ynat-v1_train_14400,홍기택 산업은행 회장 사즉생의 각오로 다시 태어나자,1
ynat-v1_train_26720,평화 폭주 여당 견제 위해 민생정당 평화 지지해달라,6
ynat-v1_train_25762,언론노조 10대 위원장에 오정훈 연합뉴스 기자,2
ynat-v1_train_39228,추미애 국회개헌논의 강력 촉구,6
ynat-v1_train_16169,정동영 선거제도 개혁 없이 개혁입법연대 동참 못 해종합,6
ynat-v1_train_03042,SKT 한국서비스품질지수 이동통신 부문 1위,0
ynat-v1_train_01956,정운천 전북 제 3 금융중심지 신속 추진,1
ynat-v1_train_05485,국감현장 여야 과학기술 출연연 방만 운영 한목소리 질타종합,6
ynat-v1_train_35360,유혈사태 수단 군부 9개월내 국제사회 감독 아래 선거 실시,4
ynat-v1_train_33191,30대 주식부호 지분가치 올해 10조원 증발,1
ynat-v1_train_16506,그래픽 MLB 디비전시리즈 LA다저스 예상 선발투수,5
ynat-v1_train_22019,82년생 김강민 올가을 개띠 황금세대 중 가장 빛난다,5
ynat-v1_train_45546,사랑의 김장 들어보이는 이해찬,6
ynat-v1_train_42778,신간 네가 이 별을 떠날 때,3
ynat-v1_train_11220,재밌는데 안 알려진 한국소설 50편,3
ynat-v1_train_08032,메르켈 이란 대통령에게 제재 해제 후 협상은 비현실적,4
ynat-v1_train_04661,NH농협금융지주 직원 11명 청년이사로 위촉,1
ynat-v1_train_24393,미 국방대행 아프간 이어 이라크 방문,4
ynat-v1_train_20641,문대통령 유남석 헌재소장 임명장 수여,6
ynat-v1_train_16521,금융투자협회 새 협회장에 권용원 씨 선출종합2보,1
ynat-v1_train_42284,부산 지하철 파업,2
ynat-v1_train_03122,최경환 무소속 찍는 것은 야당 찍는 것과 같다,6
ynat-v1_train_21300,간절함이 만든 승리 기업은행 선두 GS칼텍스 꺾고 5...,5
ynat-v1_train_44467,LG유플러스 타사 아이폰 고객에게도 U골프앱 오픈,0
ynat-v1_train_41985,증시신상품 미래에셋대우 해외주식형 ELS 포함 총 8종 판매,1
ynat-v1_train_06283,게시판 서울서 기술영향평가 공개 토론회,2
ynat-v1_train_13088,양양군 일자리 안내시스템 키오스크 구축,2
ynat-v1_train_29472,입체 영상으로 뉴질랜드 명소 감상하세요,3
ynat-v1_train_13892,법원 2년 전 경기 몰수패 요구한 성남FC 소송 각하,5
ynat-v1_train_34930,광주시 광복절 경축식,2
ynat-v1_train_02305,프로배구 KB손해보험 권순찬 감독과 재계약,5
ynat-v1_train_13217,베스트셀러 나의 문화유산답사기 서울편 28계단 상승해 9위,3
ynat-v1_train_08341,헤밍웨이 노인과 바다로 돌아온 소리꾼 이자람,3
ynat-v1_train_19533,최주환 끝내기 두산 연장 11회 접전 끝에 LG 제압,5
ynat-v1_train_30162,마이크로RNA 생성 관여하는 드로셔 3차원구조 첫 규명,0
ynat-v1_train_42008,코스피 상승세 마감,1
ynat-v1_train_16118,게시판 STEPI 414회 과학기술정책포럼,0
ynat-v1_train_30651,UAE 이어 수단도 예멘에서 병력 일부 철수,4
ynat-v1_train_38219,컴퓨터 알고리즘 주식거래도 작전에 쓰이면 제재 대상,0
ynat-v1_train_42408,대우증권 미래에셋대우로 회사이름 공식 변경,1
ynat-v1_train_43620,게시판 11월 15일 서울도서관서 퓰리처상 수상 김경훈 기자 강연,3
ynat-v1_train_25380,증시신상품 키움증권 연 7.6% 수익추구 ELS,1
ynat-v1_train_22335,꿈의 전자파 테라헤르츠파 세기 조절한다,0
ynat-v1_train_21647,현송월 환한 표정으로 하차,3
ynat-v1_train_44050,충무로뮤지컬영화제 폐막작 소개하는 이석준,3
ynat-v1_train_36790,피씨엘 코스닥 상장 증권신고서 제출,1
ynat-v1_train_24570,반부패회의 입장하며 얘기 나누는 검경,6
ynat-v1_train_36515,위클리 스마트 가정용 로봇이 반려동물 대신한다,0
ynat-v1_train_03808,김영철 방한 반대하는 자유한국당 의원들,6
ynat-v1_train_18892,교황 모란디 붕괴사고 1주년 맞아 제노바 시민에 위로 편지,4
ynat-v1_train_39833,카카오페이지 독일 iF 디자인 어워드 수상,0
ynat-v1_train_41068,민주콩고 에볼라 사망자 9개월만에 1천명 육박,4
ynat-v1_train_43403,긴급 수석보좌관회의 주재하는 문 대통령,6
ynat-v1_train_02046,용산공원에 묻다 토론회,2
ynat-v1_train_29045,신작 들고 방한한 베르나르 베르베르,3
ynat-v1_train_12307,교보생명 광화문글판 여름편 좋은 건 사라지지 않는다,3
ynat-v1_train_32656,농협 영농철 맞아 농촌 일손돕기,3
ynat-v1_train_10792,다이아 티비 유튜브 구독자 50만명 창작자 130개팀 확보,2
ynat-v1_train_06288,프랑스 이란에 자국 학자들 즉각 석방 요구,4
ynat-v1_train_37352,아스트 650억원 규모 비행기 부품 공급계약,1
ynat-v1_train_34296,E1 21년 연속 노사 임금협상 무교섭 타결,1
ynat-v1_train_16784,NBA 클리블랜드 감독 교체 후 첫 경기서 6연패 마감,5
ynat-v1_train_29164,갤노트7 사태 스마트폰업계 광속 경쟁 감속 변곡점 될 수도,0
ynat-v1_train_20658,고려사회 다양성과 통합성 분석한 학술총서 발간,3
ynat-v1_train_37061,북한 김정은 폼페이오 접견,6
ynat-v1_train_30917,프란치스코 교황 중동과 전 세계 평화 위해 기도,4
ynat-v1_train_28157,여야 3개 교섭단체 원내대표와 회동하는 정세균,6
ynat-v1_train_12293,독일 프리랜서 기자가 만든 세월호 다큐 베를린 등지서 상영,4
ynat-v1_train_20900,질의 듣는 한인섭 한국형사정책연구원 원장,2
ynat-v1_train_22610,이란군 최신구축함 등 해군함대 3월부터 5개월간 대서양 항해,4
ynat-v1_train_10964,법원행정처장 김학의 재정신청 기각 다시 보는 건 부적절,2
ynat-v1_train_04404,이정현 우병우 거취 검찰 조사 끝나고 결정해야,2
